plane_id,orientation,surface_area_m2,projected_area_m2,tilt_deg,grid_azimuth_deg,true_azimuth_deg,aspect,centroid_e,centroid_n,centroid_z,z_min,z_max,height_above_deck_m,n_faces
0,horizontal,87.668,87.662,0.689,,,flat,250859.877,2546651.685,81.007,80.829,81.179,0.0,12256
1,vertical,32.798,0.783,88.632,303.7,302.75,WNW,250863.272,2546652.237,83.277,81.019,85.972,2.269,6765
2,horizontal,18.797,18.796,0.59,,,flat,250864.307,2546650.783,83.992,83.82,84.83,2.985,4021
3,vertical,17.665,0.464,88.496,304.32,303.37,WNW,250864.526,2546648.142,83.697,81.223,85.35,2.689,3933
4,horizontal,8.088,8.087,0.986,,,flat,250862.165,2546647.648,83.763,83.693,85.425,2.756,1545
5,vertical,7.433,0.209,88.391,213.97,213.02,SSW,250860.958,2546655.433,81.624,80.985,85.191,0.617,1503
6,vertical,7.001,0.261,87.864,33.87,32.91,NNE,250858.513,2546645.958,81.641,81.053,82.3,0.633,877
7,vertical,6.619,0.17,88.531,214.05,213.1,SSW,250860.961,2546646.641,83.318,81.12,85.598,2.31,1497
8,vertical,6.219,0.086,89.207,34.28,33.33,NNE,250861.636,2546655.583,81.613,81.059,83.555,0.605,1610
9,vertical,5.467,0.172,88.196,124.16,123.21,ESE,250856.403,2546653.265,81.586,80.93,82.093,0.579,953
10,vertical,5.076,0.024,89.731,31.82,30.87,NNE,250863.11,2546650.052,84.363,81.283,85.99,3.356,897
11,horizontal,4.767,4.766,1.342,,,flat,250863.517,2546650.329,85.736,84.897,85.99,4.729,1137
12,horizontal,4.48,4.479,0.611,,,flat,250857.353,2546654.001,82.088,81.719,82.334,1.081,1492
13,vertical,4.464,0.146,88.125,124.67,123.72,ESE,250864.201,2546653.197,84.356,81.109,85.96,3.349,1141
14,vertical,4.402,0.02,89.744,211.85,210.9,SSW,250862.719,2546648.776,82.633,80.918,83.789,1.626,879
15,vertical,4.373,0.16,87.903,123.84,122.89,ESE,250864.618,2546650.108,84.715,81.28,85.84,3.707,591
16,vertical,3.891,0.166,87.551,33.81,32.86,NNE,250864.378,2546651.664,84.985,81.153,85.864,3.978,476
17,sloped,3.889,3.628,21.116,212.92,211.97,SSW,250863.771,2546657.638,81.147,80.962,81.331,0.139,1314
18,horizontal,3.815,3.814,0.952,,,flat,250862.736,2546652.303,83.471,81.034,83.557,2.463,931
19,vertical,3.69,0.268,85.83,213.98,213.03,SSW,250866.994,2546654.658,84.64,82.909,85.312,3.632,627
20,vertical,3.228,0.118,87.906,123.98,123.03,ESE,250861.524,2546649.412,84.178,81.193,85.801,3.171,896
21,vertical,2.968,0.022,89.575,123.82,122.87,ESE,250863.09,2546649.306,82.413,81.123,84.105,1.406,380
22,vertical,2.581,0.032,89.285,33.52,32.57,NNE,250861.106,2546646.957,83.563,81.121,85.417,2.556,720
23,vertical,2.273,0.294,82.574,35.01,34.06,NE,250853.849,2546647.982,81.735,81.315,82.241,0.728,810
24,vertical,2.273,0.071,88.198,34.39,33.44,NNE,250861.375,2546646.4,84.684,81.121,85.401,3.677,527
25,horizontal,2.239,2.236,2.886,62.89,61.94,ENE,250860.243,2546646.248,82.106,81.772,82.25,1.098,866
26,vertical,2.107,0.12,86.727,282.28,281.33,WNW,250862.366,2546649.554,82.819,81.191,85.688,1.811,563
27,vertical,1.926,0.006,89.823,122.83,121.88,ESE,250853.376,2546649.826,81.755,81.096,82.185,0.748,666
28,sloped,1.711,1.582,22.318,32.71,31.76,NNE,250858.495,2546646.146,81.077,81.007,81.16,0.07,519
29,vertical,1.71,0.026,89.138,305.74,304.79,NW,250862.441,2546648.729,84.275,81.308,85.772,3.267,390
30,vertical,1.686,0.287,80.212,328.58,327.63,NNW,250862.705,2546647.697,83.459,81.11,85.688,2.451,470
31,sloped,1.61,1.454,25.479,305.75,304.8,NW,250865.096,2546649.488,84.402,80.906,84.701,3.395,569
32,sloped,1.592,0.557,69.524,123.09,122.14,ESE,250859.25,2546649.717,82.907,80.986,85.487,1.9,626
33,vertical,1.491,0.004,89.831,304.37,303.42,WNW,250855.834,2546648.348,81.603,81.056,82.191,0.596,347
34,vertical,1.39,0.049,87.968,212.16,211.21,SSW,250862.71,2546649.91,82.064,81.255,84.976,1.056,226
35,vertical,1.386,0.02,89.188,236.17,235.22,SW,250863.862,2546648.374,82.041,81.055,83.158,1.034,254
36,vertical,1.358,0.063,87.324,93.31,92.36,E,250862.644,2546651.058,82.655,81.171,85.932,1.647,357
37,horizontal,1.328,1.328,1.433,,,flat,250862.202,2546654.522,82.15,81.894,82.247,1.143,491
38,sloped,1.264,1.185,20.36,27.75,26.8,NNE,250861.146,2546648.074,83.684,81.026,85.427,2.677,432
39,horizontal,1.256,1.254,2.778,275.48,274.53,W,250861.214,2546648.237,82.865,81.153,83.473,1.858,518
40,horizontal,1.246,1.239,6.002,67.21,66.26,ENE,250861.722,2546650.085,83.522,83.393,83.652,2.515,429
41,sloped,1.236,0.882,44.506,303.36,302.41,WNW,250862.44,2546646.652,82.368,81.076,86.018,1.361,412
42,sloped,1.137,0.801,45.25,34.97,34.02,NE,250861.109,2546646.865,84.207,82.152,85.438,3.199,455
43,sloped,1.135,1.042,23.363,304.95,304.0,NW,250865.707,2546650.448,83.96,80.851,84.143,2.953,425
44,sloped,1.125,1.031,23.571,36.35,35.4,NE,250861.557,2546647.229,84.251,81.047,85.868,3.243,432
45,sloped,1.124,1.057,19.925,122.9,121.95,ESE,250857.32,2546653.784,81.847,80.929,82.214,0.839,431
46,vertical,1.078,0.061,86.748,33.0,32.05,NNE,250858.34,2546655.818,81.766,80.988,85.835,0.759,417
47,vertical,1.076,0.061,86.777,301.98,301.03,WNW,250860.636,2546649.955,82.774,81.258,84.4,1.767,483
48,vertical,1.059,0.113,83.886,123.04,122.09,ESE,250858.023,2546656.826,81.58,81.013,82.112,0.573,382
49,horizontal,1.021,1.02,3.287,333.73,332.78,NNW,250863.137,2546652.238,83.639,83.233,84.109,2.632,337
50,sloped,1.005,0.675,47.81,123.88,122.93,ESE,250853.635,2546649.995,81.163,81.005,81.562,0.156,327
51,sloped,0.997,0.935,20.364,214.0,213.05,SSW,250861.613,2546655.023,81.055,80.983,81.154,0.048,340
52,sloped,0.973,0.671,46.402,304.51,303.56,WNW,250865.029,2546649.115,84.832,83.88,85.838,3.825,362
53,vertical,0.949,0.004,89.745,280.5,279.54,W,250864.216,2546648.441,82.394,81.191,85.127,1.387,251
54,vertical,0.924,0.036,87.756,258.71,257.76,WSW,250861.931,2546648.009,84.57,82.434,85.623,3.562,250
55,vertical,0.919,0.012,89.23,11.27,10.32,N,250862.717,2546648.46,84.766,81.259,85.822,3.759,199
56,sloped,0.899,0.337,67.966,304.49,303.54,WNW,250866.198,2546650.61,84.9,81.259,85.311,3.892,322
57,sloped,0.895,0.578,49.8,35.66,34.71,NE,250853.906,2546648.122,81.193,81.05,81.35,0.185,267
58,sloped,0.894,0.829,21.883,215.87,214.92,SW,250867.046,2546654.278,84.149,81.249,85.307,3.142,319
59,vertical,0.885,0.007,89.554,344.75,343.8,NNW,250862.887,2546649.417,84.671,81.41,85.667,3.664,136
60,sloped,0.876,0.528,52.93,31.33,30.38,NNE,250860.519,2546648.55,83.48,81.716,85.417,2.473,341
61,vertical,0.845,0.011,89.226,120.54,119.59,ESE,250859.118,2546655.806,81.489,80.987,81.928,0.481,190
62,vertical,0.741,0.016,88.788,188.8,187.85,S,250862.673,2546647.731,84.971,83.777,85.688,3.964,184
63,vertical,0.73,0.014,88.91,123.24,122.29,ESE,250864.087,2546648.37,84.682,81.282,85.688,3.674,246
64,sloped,0.702,0.554,37.801,33.46,32.5,NNE,250860.059,2546646.073,83.285,81.091,85.744,2.278,275
65,vertical,0.673,0.179,74.613,123.18,122.23,ESE,250863.789,2546649.094,84.115,81.867,85.391,3.108,302
66,sloped,0.64,0.576,25.891,302.21,301.26,WNW,250862.939,2546646.181,81.122,81.065,81.59,0.115,206
