label,label_confidence,on_terrace_plane_id,on_terrace_z,surface_area_m2,horizontal_area_m2,vertical_area_m2,footprint_e_m,footprint_n_m,base_elev_m,top_elev_m,height_above_deck_m,centroid_e,centroid_n,rectilinearity
superstructure_block,0.5,0,81.00730960007753,95.88488531202142,4.519854044321742,74.44402712590998,13.716283583082259,14.0480796569027,81.3968018739571,84.54131363796863,3.534004037891094,250861.14143469455,2546651.27850111,0.7387517116860859
water_tank,0.6,0,81.00730960007753,7.628446753521128,0.16744530336353491,4.564287262177274,2.040821879520081,2.4079382456839085,81.48668565621165,84.11306619502736,3.105756594949824,250860.19147113734,2546647.851908079,0.4714661696711053
small_object,0.4,0,81.00730960007753,1.2961358828916483,0.09189289674255041,1.1433631180530561,0.48498393571935594,0.5967824053950608,81.39464791753063,82.1257180292143,1.118408429136764,250856.9481258101,2546649.686096496,0.6643211536604894
small_object,0.4,0,81.00730960007753,1.029800482265418,0.0,0.8605904860881479,0.569937309861416,0.5766271036118269,81.3743074131094,81.93435911471627,0.927049514638739,250861.56226790362,2546646.6970142624,0.19006641917431705
small_object,0.4,0,81.00730960007753,0.5319801175336587,0.002507944483831679,0.378260581105316,0.45143972398363985,0.4563149274326861,81.39211787081278,81.99149429680433,0.9841846967267998,250862.47175581672,2546646.3532683533,0.27552907421549017
unclassified_object,0.3,12,82.08790573368533,5.726713657108991,0.546176108963622,3.1449819530663756,1.798300567024853,1.3805447830818594,82.46961392664726,83.81877991811577,1.7308741844304336,250860.70347939007,2546649.2163390797,0.6066537484129327
unclassified_object,0.3,12,82.08790573368533,4.455530121664294,0.28648675597853707,3.094677335788375,2.7961184661544394,1.6457419744692743,82.53994968548173,84.11276405925642,2.0248583255710884,250862.2926409731,2546646.383654095,0.9136135343907359
superstructure_block,0.5,18,83.47060404647786,5.801023074830599,0.00874671930659255,3.6368342836038634,5.095050754083786,6.5808286792598665,83.83328899425075,85.9613722167848,2.4907681703069358,250862.43000827383,2546651.1979879593,0.9021820699021021
small_object,0.4,18,83.47060404647786,0.52773422376502,0.0,0.3795845443077942,1.040393057424808,1.1900777989067137,83.83459808382683,84.11313963313373,0.6425355866558675,250862.5678202691,2546645.713656231,0.890365313940572
superstructure_block,0.5,4,83.76319732866295,7.353758865171875,0.005891560394087271,5.530273638688293,5.141339998022886,5.867868913337588,84.11796408078814,85.99922738094763,2.2360300522846757,250862.21935928997,2546648.0622925176,0.7287288248968936
superstructure_block,0.5,2,83.99183074737492,64.00491306905523,0.23279754398542835,48.73139073744906,9.17008008173434,10.78676632605493,84.37756409812674,86.01800272147521,2.0261719741002935,250863.64543638146,2546650.046691784,0.7067692048500761
